id,source_file,category,subcategory,law_number,title,article_number,article_text,article_text_clean,language,lang_detected,date_promulgation,text_length,word_count,token_count,content_token_count,tokens_str,legal_keywords,has_penalty,has_fine,referenced_articles
1,Code_des_Obligations_et_des_Contrats,civil,contrats,DOC-12-101,Code des Obligations et des Contrats,1,"Les obligations dérivent des conventions et autres déclarations de volonté, des quasi-contrats, des délits et des quasi-délits.","Les obligations dérivent des conventions et autres déclarations de volonté, des quasi-contrats, des délits et des quasi-délits.",fr,fr,1913-08-12,127,17,19,11,obligations dérivent conventions autres déclarations volonté quasi contrats délits quasi délits,"contrat, penal",False,False,
2,Code_des_Obligations_et_des_Contrats,civil,contrats,DOC-12-101,Code des Obligations et des Contrats,2,Tout fait quelconque de l'homme qui cause à autrui un dommage oblige celui par la faute duquel il est arrivé à le réparer.,Tout fait quelconque de l'homme qui cause à autrui un dommage oblige celui par la faute duquel il est arrivé à le réparer.,fr,fr,1913-08-12,122,23,21,12,fait quelconque homme cause autrui dommage oblige celui faute duquel arrivé réparer,responsabilite,False,False,
3,Code_des_Obligations_et_des_Contrats,civil,contrats,DOC-12-101,Code des Obligations et des Contrats,3,"Chacun est responsable du dommage moral ou matériel qu'il a causé, non seulement par son fait, mais par sa faute, lorsqu'il est établi que cette faute en est la cause directe.","Chacun est responsable du dommage moral ou matériel qu'il a causé, non seulement par son fait, mais par sa faute, lorsqu'il est établi que cette faute en est la cause directe.",fr,fr,1913-08-12,175,31,32,18,chacun responsable dommage moral matériel causé non seulement son fait mais sa faute lorsqu établi faute cause directe,responsabilite,False,False,
4,Code_des_Obligations_et_des_Contrats,civil,contrats,DOC-12-101,Code des Obligations et des Contrats,19,"Est nulle l'obligation qui a pour objet une chose hors du commerce, indéterminée ou indéterminable, une chose future lorsque la loi interdit de stipuler sur les choses futures.","Est nulle l'obligation qui a pour objet une chose hors du commerce, indéterminée ou indéterminable, une chose future lorsque la loi interdit de stipuler sur les choses futures.",fr,fr,1913-08-12,176,28,27,16,nulle obligation objet chose hors commerce indéterminée indéterminable chose future lorsque loi interdit stipuler choses futures,droit,False,False,
5,Code_des_Obligations_et_des_Contrats,civil,contrats,DOC-12-101,Code des Obligations et des Contrats,47,"Il n'y a pas de consentement valable s'il a été donné par erreur, extorqué par violence ou surpris par dol.","Il n'y a pas de consentement valable s'il a été donné par erreur, extorqué par violence ou surpris par dol.",fr,fr,1913-08-12,107,20,17,9,consentement valable été donné erreur extorqué violence surpris dol,,False,False,
6,Code_des_Obligations_et_des_Contrats,civil,contrats,DOC-12-101,Code des Obligations et des Contrats,52,"La rescision pour cause de lésion s'obtient toujours contre toute convention, lorsqu'il y a lieu à rescision pour cause de lésion, si la lésion excède le septième.","La rescision pour cause de lésion s'obtient toujours contre toute convention, lorsqu'il y a lieu à rescision pour cause de lésion, si la lésion excède le septième.",fr,fr,1913-08-12,163,27,25,15,rescision cause lésion obtient toujours contre convention lorsqu lieu rescision cause lésion lésion excède septième,contrat,False,False,
7,Code_des_Obligations_et_des_Contrats,civil,propriete,DOC-12-101,Code des Obligations et des Contrats,478,"La vente est parfaite entre les parties, et la propriété est acquise de droit à l'acheteur à l'égard du vendeur, dès qu'on est convenu de la chose et du prix.","La vente est parfaite entre les parties, et la propriété est acquise de droit à l'acheteur à l'égard du vendeur, dès qu'on est convenu de la chose et du prix.",fr,fr,1913-08-12,158,30,29,15,vente parfaite entre parties propriété acquise droit acheteur égard vendeur dès on convenu chose prix,"propriete, droit",False,False,
8,Code_des_Obligations_et_des_Contrats,civil,bail,DOC-12-101,Code des Obligations et des Contrats,627,Le bail est un contrat par lequel l'une des parties cède à l'autre la jouissance d'une chose pour un temps déterminé et moyennant un prix déterminé que l'autre partie s'oblige à payer.,Le bail est un contrat par lequel l'une des parties cède à l'autre la jouissance d'une chose pour un temps déterminé et moyennant un prix déterminé que l'autre partie s'oblige à payer.,fr,fr,1913-08-12,184,32,30,17,bail contrat lequel parties cède autre jouissance chose temps déterminé moyennant prix déterminé autre partie oblige payer,contrat,False,False,
9,code_du_travail,social,travail,LOI-65-99,Code du Travail,1,"Les dispositions du présent code s'appliquent aux personnes liées par un contrat de travail, quelles que soient les modalités d'exécution de ce contrat et quelle que soit la nature de l'activité de l'entreprise.","Les dispositions du présent code s'appliquent aux personnes liées par un contrat de travail, quelles que soient les modalités d'exécution de ce contrat et quelle que soit la nature de l'activité de l'entreprise.",fr,fr,2003-09-11,211,33,33,19,dispositions présent code appliquent personnes liées contrat travail quelles soient modalités exécution ce contrat quelle soit nature activité entreprise,"contrat, travail",False,False,
10,code_du_travail,social,travail,LOI-65-99,Code du Travail,6,"Est considéré comme employeur, toute personne physique ou morale, privée ou publique, qui loue les services d'une ou de plusieurs personnes physiques.","Est considéré comme employeur, toute personne physique ou morale, privée ou publique, qui loue les services d'une ou de plusieurs personnes physiques.",fr,fr,2003-09-11,150,22,22,13,considéré comme employeur personne physique morale privée publique loue services plusieurs personnes physiques,travail,False,False,
11,code_du_travail,social,travail,LOI-65-99,Code du Travail,9,Toute discrimination en matière d'emploi et de profession est interdite.,Toute discrimination en matière d'emploi et de profession est interdite.,fr,fr,2003-09-11,72,10,10,5,discrimination matière emploi profession interdite,,False,False,
12,code_du_travail,social,conge,LOI-65-99,Code du Travail,231,Tout salarié a droit à un congé annuel payé à la charge de l'employeur dont la durée est fixée à un jour et demi de travail par mois de service effectif.,Tout salarié a droit à un congé annuel payé à la charge de l'employeur dont la durée est fixée à un jour et demi de travail par mois de service effectif.,fr,fr,2003-09-11,153,31,27,16,salarié droit congé annuel payé charge employeur dont durée fixée jour demi travail mois service effectif,"droit, travail",False,False,
13,code_du_travail,social,salaire,LOI-65-99,Code du Travail,345,Le salaire minimum légal est fixé par voie réglementaire. Il est révisé périodiquement par le gouvernement après consultation des organisations syndicales et patronales.,Le salaire minimum légal est fixé par voie réglementaire. Il est révisé périodiquement par le gouvernement après consultation des organisations syndicales et patronales.,fr,fr,2003-09-11,169,23,23,14,salaire minimum légal fixé voie réglementaire révisé périodiquement gouvernement après consultation organisations syndicales patronales,,False,False,
14,code_du_travail,social,licenciement,LOI-65-99,Code du Travail,35,"Le contrat de travail à durée indéterminée peut cesser par la volonté du salarié, de l'employeur ou d'un commun accord entre les parties.","Le contrat de travail à durée indéterminée peut cesser par la volonté du salarié, de l'employeur ou d'un commun accord entre les parties.",fr,fr,2003-09-11,137,23,22,12,contrat travail durée indéterminée cesser volonté salarié employeur commun accord entre parties,"contrat, travail",False,False,
15,code_du_travail,social,licenciement,LOI-65-99,Code du Travail,39,"Sont considérées comme fautes graves privant le salarié de son droit à des dommages-intérêts : le délit portant atteinte à l'honneur, à la confiance ou aux bonnes mœurs ayant donné lieu à un jugement définitif privant le salarié de sa liberté.","Sont considérées comme fautes graves privant le salarié de son droit à des dommages-intérêts : le délit portant atteinte à l'honneur, à la confiance ou aux bonnes mœurs ayant donné lieu à un jugement définitif privant le salarié de sa liberté.",fr,fr,2003-09-11,243,41,36,25,considérées comme fautes graves privant salarié son droit dommages intérêts délit portant atteinte honneur confiance bonnes ayant donné lieu jugement définitif privant salarié sa liberté,"responsabilite, tribunal, droit, travail, penal",False,False,
16,lutte_contre_violences_femmes,penal,violence,LOI-103-13,Loi relative à la lutte contre les violences faites aux femmes,1,La présente loi vise à protéger les femmes contre toutes formes de violence et à renforcer les mécanismes de prise en charge des victimes.,La présente loi vise à protéger les femmes contre toutes formes de violence et à renforcer les mécanismes de prise en charge des victimes.,fr,fr,2018-09-12,138,24,22,13,présente loi vise protéger femmes contre formes violence renforcer mécanismes prise charge victimes,,False,False,
17,lutte_contre_violences_femmes,penal,violence,LOI-103-13,Loi relative à la lutte contre les violences faites aux femmes,2,"Est considérée comme violence à l'égard des femmes, tout acte fondé sur la discrimination basée sur le sexe, causant ou susceptible de causer à la femme un préjudice ou des souffrances physiques, psychologiques, sexuelles ou économiques.","Est considérée comme violence à l'égard des femmes, tout acte fondé sur la discrimination basée sur le sexe, causant ou susceptible de causer à la femme un préjudice ou des souffrances physiques, psychologiques, sexuelles ou économiques.",fr,fr,2018-09-12,237,36,34,20,considérée comme violence égard femmes acte fondé discrimination basée sexe causant susceptible causer femme préjudice souffrances physiques psychologiques sexuelles économiques,,False,False,
18,lutte_contre_violences_femmes,penal,violence,LOI-103-13,Loi relative à la lutte contre les violences faites aux femmes,3,"Les victimes de violences ont droit à la protection, à l'assistance médicale, psychologique, sociale et juridique.","Les victimes de violences ont droit à la protection, à l'assistance médicale, psychologique, sociale et juridique.",fr,fr,2018-09-12,114,16,14,9,victimes violences droit protection assistance médicale psychologique sociale juridique,droit,False,False,
19,enfants_abandonnes,familial,enfants,LOI-15-01,Loi relative à la kafala des enfants abandonnés,1,"La kafala consiste en la prise en charge de la protection, de l'éducation et de l'entretien d'un enfant abandonné par une personne physique ou morale.","La kafala consiste en la prise en charge de la protection, de l'éducation et de l'entretien d'un enfant abandonné par une personne physique ou morale.",fr,fr,2002-06-13,150,25,25,12,kafala consiste prise charge protection éducation entretien enfant abandonné personne physique morale,,False,False,
20,enfants_abandonnes,familial,enfants,LOI-15-01,Loi relative à la kafala des enfants abandonnés,2,"Est considéré comme enfant abandonné, tout enfant dont les parents ou les tuteurs légaux sont inconnus, décédés ou dans l'impossibilité de s'en occuper.","Est considéré comme enfant abandonné, tout enfant dont les parents ou les tuteurs légaux sont inconnus, décédés ou dans l'impossibilité de s'en occuper.",fr,fr,2002-06-13,152,23,23,13,considéré comme enfant abandonné enfant dont parents tuteurs légaux inconnus décédés impossibilité occuper,,False,False,
21,enfants_abandonnes,familial,enfants,LOI-15-01,Loi relative à la kafala des enfants abandonnés,5,La kafala est prononcée par le juge des mineurs sur demande de la personne ou de l'organisme désirant assumer la prise en charge d'un enfant abandonné.,La kafala est prononcée par le juge des mineurs sur demande de la personne ou de l'organisme désirant assumer la prise en charge d'un enfant abandonné.,fr,fr,2002-06-13,151,26,26,13,kafala prononcée juge mineurs demande personne organisme désirant assumer prise charge enfant abandonné,tribunal,False,False,
22,securite_produits,civil,consommation,LOI-24-09,Loi relative à la sécurité des produits et des services,1,La présente loi a pour objet d'assurer la sécurité des produits et des services mis sur le marché.,La présente loi a pour objet d'assurer la sécurité des produits et des services mis sur le marché.,fr,fr,2011-02-17,98,18,17,9,présente loi objet assurer sécurité produits services mis marché,,False,False,
23,securite_produits,civil,consommation,LOI-24-09,Loi relative à la sécurité des produits et des services,3,Tout producteur est tenu de ne mettre sur le marché que des produits ou des services sûrs.,Tout producteur est tenu de ne mettre sur le marché que des produits ou des services sûrs.,fr,fr,2011-02-17,90,17,17,7,producteur tenu mettre marché produits services sûrs,,False,False,
24,fraudes_marchandises,penal,fraude,LOI-13-83,Loi relative à la répression des fraudes sur les marchandises,1,La présente loi vise à réprimer toutes les fraudes et falsifications en matière de produits ou de denrées destinés à l'alimentation de l'homme ou des animaux.,La présente loi vise à réprimer toutes les fraudes et falsifications en matière de produits ou de denrées destinés à l'alimentation de l'homme ou des animaux.,fr,fr,1984-10-05,158,26,24,13,présente loi vise réprimer fraudes falsifications matière produits denrées destinés alimentation homme animaux,,False,False,
25,fraudes_marchandises,penal,fraude,LOI-13-83,Loi relative à la répression des fraudes sur les marchandises,5,"Seront punis d'une amende de 5.000 à 50.000 dirhams et d'un emprisonnement de trois mois à deux ans, ou de l'une de ces deux peines seulement, ceux qui auront trompé ou tenté de tromper le contractant.","Seront punis d'une amende de 5.000 à 50.000 dirhams et d'un emprisonnement de trois mois à deux ans, ou de l'une de ces deux peines seulement, ceux qui auront trompé ou tenté de tromper le contractant.",fr,fr,1984-10-05,201,36,35,21,seront punis amende 000 50 000 dirhams emprisonnement trois mois deux ans deux peines seulement ceux auront trompé tenté tromper contractant,penal,True,True,
26,education_formation,education,enseignement,LOI-51-17,Loi-cadre relative au système d'éducation,1,"La présente loi-cadre fixe les objectifs fondamentaux et les axes prioritaires du système d'éducation, de formation et de recherche scientifique.","La présente loi-cadre fixe les objectifs fondamentaux et les axes prioritaires du système d'éducation, de formation et de recherche scientifique.",fr,fr,2019-08-26,145,20,21,13,présente loi cadre fixe objectifs fondamentaux axes prioritaires système éducation formation recherche scientifique,,False,False,
27,education_formation,education,enseignement,LOI-51-17,Loi-cadre relative au système d'éducation,2,L'État garantit à tous les citoyens le droit à l'éducation et à la formation tout au long de la vie.,L'État garantit à tous les citoyens le droit à l'éducation et à la formation tout au long de la vie.,fr,fr,2019-08-26,100,20,17,8,état garantit citoyens droit éducation formation long vie,droit,False,False,
28,education_formation,education,enseignement,LOI-51-17,Loi-cadre relative au système d'éducation,3,L'enseignement préscolaire public est obligatoire pour tous les enfants marocains et étrangers résidant au Maroc.,L'enseignement préscolaire public est obligatoire pour tous les enfants marocains et étrangers résidant au Maroc.,fr,fr,2019-08-26,113,15,15,9,enseignement préscolaire public obligatoire enfants marocains étrangers résidant maroc,,False,False,
29,fraude_examens,education,examens,LOI-02-00,Loi relative à la répression de la fraude aux examens,1,"Est puni d'un emprisonnement de trois mois à deux ans et d'une amende de 1.000 à 10.000 dirhams, tout candidat qui, en vue de faciliter sa propre fraude ou celle d'autrui, introduit ou tente d'introduire dans la salle d'examen, par quelque moyen que ce soit, des documents ou appareils non autorisés.","Est puni d'un emprisonnement de trois mois à deux ans et d'une amende de 1.000 à 10.000 dirhams, tout candidat qui, en vue de faciliter sa propre fraude ou celle d'autrui, introduit ou tente d'introduire dans la salle d'examen, par quelque moyen que ce soit, des documents ou appareils non autorisés.",fr,fr,2000-06-15,300,51,50,32,puni emprisonnement trois mois deux ans amende 000 10 000 dirhams candidat vue faciliter sa propre fraude celle autrui introduit tente introduire salle examen quelque moyen ce soit documents appareils non autorisés,,True,True,
30,fraude_examens,education,examens,LOI-02-00,Loi relative à la répression de la fraude aux examens,2,Les peines prévues à l'article premier sont portées au double lorsque la fraude a été commise avec violence ou menace.,Les peines prévues à l'article premier sont portées au double lorsque la fraude a été commise avec violence ou menace.,fr,fr,2000-06-15,118,20,18,12,peines prévues article premier portées double lorsque fraude été commise violence menace,penal,False,False,
31,code_nationalite,familial,nationalite,LOI-62-06,Code de la nationalité marocaine,6,"Est Marocain, l'enfant né d'un père marocain. Est Marocain, l'enfant né d'une mère marocaine et d'un père sans nationalité ou dont la nationalité est inconnue.","Est Marocain, l'enfant né d'un père marocain. Est Marocain, l'enfant né d'une mère marocaine et d'un père sans nationalité ou dont la nationalité est inconnue.",fr,fr,2007-04-03,159,25,25,16,marocain enfant né père marocain marocain enfant né mère marocaine père sans nationalité dont nationalité inconnue,,False,False,
32,code_nationalite,familial,nationalite,LOI-62-06,Code de la nationalité marocaine,9,"Peut être naturalisée par décret, la personne étrangère qui a sa résidence habituelle au Maroc depuis cinq ans au moins.","Peut être naturalisée par décret, la personne étrangère qui a sa résidence habituelle au Maroc depuis cinq ans au moins.",fr,fr,2007-04-03,120,20,19,12,naturalisée décret personne étrangère sa résidence habituelle maroc depuis cinq ans moins,,False,False,
33,arbitrage_mediation,civil,arbitrage,LOI-95-17,Loi relative à l'arbitrage et la médiation conventionnelle,1,Le présent titre s'applique à l'arbitrage interne et à l'arbitrage international lorsque la procédure se déroule au Maroc.,Le présent titre s'applique à l'arbitrage interne et à l'arbitrage international lorsque la procédure se déroule au Maroc.,fr,fr,2022-09-06,122,18,16,11,présent titre applique arbitrage interne arbitrage international lorsque procédure déroule maroc,,False,False,
34,arbitrage_mediation,civil,arbitrage,LOI-95-17,Loi relative à l'arbitrage et la médiation conventionnelle,3,La convention d'arbitrage est une convention par laquelle les parties s'obligent à soumettre à l'arbitrage un différend qui a surgi ou pourrait surgir entre elles à l'occasion d'un rapport de droit déterminé.,La convention d'arbitrage est une convention par laquelle les parties s'obligent à soumettre à l'arbitrage un différend qui a surgi ou pourrait surgir entre elles à l'occasion d'un rapport de droit déterminé.,fr,fr,2022-09-06,208,32,28,17,convention arbitrage convention laquelle parties obligent soumettre arbitrage différend surgi pourrait surgir entre occasion rapport droit déterminé,"contrat, droit",False,False,
35,conditions_travail_femmes,social,travail,LOI-65-99,Conditions de travail des femmes,17,"Il est interdit à l'employeur de licencier une femme enceinte ou en état de grossesse médicalement constatée, sauf en cas de faute grave non liée à la grossesse.","Il est interdit à l'employeur de licencier une femme enceinte ou en état de grossesse médicalement constatée, sauf en cas de faute grave non liée à la grossesse.",fr,fr,2003-09-11,161,28,26,16,interdit employeur licencier femme enceinte état grossesse médicalement constatée sauf cas faute grave non liée grossesse,"responsabilite, travail",False,False,
36,code_penal,penal,infractions,DOC-1-59-413,Code Pénal,392,L'homicide commis volontairement est qualifié meurtre. Il est puni de la réclusion perpétuelle.,L'homicide commis volontairement est qualifié meurtre. Il est puni de la réclusion perpétuelle.,fr,fr,1962-11-26,95,13,13,8,homicide commis volontairement qualifié meurtre puni réclusion perpétuelle,,True,False,
37,code_penal,penal,infractions,DOC-1-59-413,Code Pénal,400,Les coups et blessures volontaires sont punis de l'emprisonnement d'un mois à trois ans et d'une amende.,Les coups et blessures volontaires sont punis de l'emprisonnement d'un mois à trois ans et d'une amende.,fr,fr,1962-11-26,104,17,16,9,coups blessures volontaires punis emprisonnement mois trois ans amende,,True,True,
38,code_penal,penal,vol,DOC-1-59-413,Code Pénal,505,Le vol est la soustraction frauduleuse de la chose d'autrui. Il est puni de l'emprisonnement d'un an à cinq ans et d'une amende.,Le vol est la soustraction frauduleuse de la chose d'autrui. Il est puni de l'emprisonnement d'un an à cinq ans et d'une amende.,fr,fr,1962-11-26,128,23,22,11,vol soustraction frauduleuse chose autrui puni emprisonnement an cinq ans amende,,True,True,
39,moudawana,familial,mariage,LOI-70-03,Code de la famille (Moudawana),4,Le mariage est un contrat légal par lequel un homme et une femme se unissent en vue d'une vie conjugale durable.,Le mariage est un contrat légal par lequel un homme et une femme se unissent en vue d'une vie conjugale durable.,fr,fr,2004-02-05,112,21,21,11,mariage contrat légal lequel homme femme unissent vue vie conjugale durable,"contrat, famille",False,False,
40,moudawana,familial,mariage,LOI-70-03,Code de la famille (Moudawana),19,"La capacité matrimoniale s'acquiert, pour le garçon et la fille, à dix-huit ans grégoriens révolus.","La capacité matrimoniale s'acquiert, pour le garçon et la fille, à dix-huit ans grégoriens révolus.",fr,fr,2004-02-05,99,15,15,10,capacité matrimoniale acquiert garçon fille dix huit ans grégoriens révolus,,False,False,
41,moudawana,familial,divorce,LOI-70-03,Code de la famille (Moudawana),78,Le divorce est la dissolution du lien conjugal exercé par l'époux sous contrôle judiciaire.,Le divorce est la dissolution du lien conjugal exercé par l'époux sous contrôle judiciaire.,fr,fr,2004-02-05,91,14,14,9,divorce dissolution lien conjugal exercé époux sous contrôle judiciaire,famille,False,False,
42,moudawana,familial,garde,LOI-70-03,Code de la famille (Moudawana),163,"La garde (hadana) des enfants est confiée à la mère, puis au père en cas d'incapacité de la mère.","La garde (hadana) des enfants est confiée à la mère, puis au père en cas d'incapacité de la mère.",fr,fr,2004-02-05,97,19,18,10,garde hadana enfants confiée mère puis père cas incapacité mère,famille,False,False,
43,مجلة_شؤون_جنائية,penal,جنايات,QAN-JANA,مجلة الشؤون الجنائية,1,يهدف هذا القانون إلى تنظيم الإجراءات الجنائية وضمان حقوق المتهمين وضحايا الجرائم.,يهدف هذا القانون الي تنظيم الاجراءات الجنائيه وضمان حقوق المتهمين وضحايا الجرائم.,ar,ar,2023-01-01,81,12,12,11,يهدف القانون الي تنظيم الاجراءات الجنائيه وضمان حقوق المتهمين وضحايا الجرائم.,,False,False,
44,مجلة_شؤون_جنائية,penal,جنايات,QAN-JANA,مجلة الشؤون الجنائية,5,لكل شخص الحق في محاكمة عادلة وسريعة أمام قضاء مستقل ونزيه وفق أحكام القانون.,لكل شخص الحق في محاكمه عادله وسريعه امام قضاء مستقل ونزيه وفق احكام القانون.,ar,ar,2023-01-01,76,14,14,13,لكل شخص الحق محاكمه عادله وسريعه امام قضاء مستقل ونزيه وفق احكام القانون.,,False,False,
45,code_penal,penal,escroquerie,DOC-1-59-413,Code Pénal,540,"L'escroquerie est le fait de tromper une personne physique ou morale, en vue de s'approprier une chose qui lui appartient, en faisant usage de faux noms, de fausses qualités ou d'un quelconque stratagème.","L'escroquerie est le fait de tromper une personne physique ou morale, en vue de s'approprier une chose qui lui appartient, en faisant usage de faux noms, de fausses qualités ou d'un quelconque stratagème.",fr,fr,1962-11-26,204,33,33,19,escroquerie fait tromper personne physique morale vue approprier chose lui appartient faisant usage faux noms fausses qualités quelconque stratagème,,False,False,
