id,source_file,category,subcategory,law_number,title,article_number,article_text,language,date_promulgation
1,Code_des_Obligations_et_des_Contrats,civil,contrats,DOC-12-101,Code des Obligations et des Contrats,1,"Les obligations dérivent des conventions et autres déclarations de volonté, des quasi-contrats, des délits et des quasi-délits.",fr,1913-08-12
2,Code_des_Obligations_et_des_Contrats,civil,contrats,DOC-12-101,Code des Obligations et des Contrats,2,"Tout fait quelconque de l'homme qui cause à autrui un dommage oblige celui par la faute duquel il est arrivé à le réparer.",fr,1913-08-12
3,Code_des_Obligations_et_des_Contrats,civil,contrats,DOC-12-101,Code des Obligations et des Contrats,3,"Chacun est responsable du dommage moral ou matériel qu'il a causé, non seulement par son fait, mais par sa faute, lorsqu'il est établi que cette faute en est la cause directe.",fr,1913-08-12
4,Code_des_Obligations_et_des_Contrats,civil,contrats,DOC-12-101,Code des Obligations et des Contrats,19,"Est nulle l'obligation qui a pour objet une chose hors du commerce, indéterminée ou indéterminable, une chose future lorsque la loi interdit de stipuler sur les choses futures.",fr,1913-08-12
5,Code_des_Obligations_et_des_Contrats,civil,contrats,DOC-12-101,Code des Obligations et des Contrats,47,"Il n'y a pas de consentement valable s'il a été donné par erreur, extorqué par violence ou surpris par dol.",fr,1913-08-12
6,Code_des_Obligations_et_des_Contrats,civil,contrats,DOC-12-101,Code des Obligations et des Contrats,52,"La rescision pour cause de lésion s'obtient toujours contre toute convention, lorsqu'il y a lieu à rescision pour cause de lésion, si la lésion excède le septième.",fr,1913-08-12
7,Code_des_Obligations_et_des_Contrats,civil,propriete,DOC-12-101,Code des Obligations et des Contrats,478,"La vente est parfaite entre les parties, et la propriété est acquise de droit à l'acheteur à l'égard du vendeur, dès qu'on est convenu de la chose et du prix.",fr,1913-08-12
8,Code_des_Obligations_et_des_Contrats,civil,bail,DOC-12-101,Code des Obligations et des Contrats,627,"Le bail est un contrat par lequel l'une des parties cède à l'autre la jouissance d'une chose pour un temps déterminé et moyennant un prix déterminé que l'autre partie s'oblige à payer.",fr,1913-08-12
9,code_du_travail,social,travail,LOI-65-99,Code du Travail,1,"Les dispositions du présent code s'appliquent aux personnes liées par un contrat de travail, quelles que soient les modalités d'exécution de ce contrat et quelle que soit la nature de l'activité de l'entreprise.",fr,2003-09-11
10,code_du_travail,social,travail,LOI-65-99,Code du Travail,6,"Est considéré comme employeur, toute personne physique ou morale, privée ou publique, qui loue les services d'une ou de plusieurs personnes physiques.",fr,2003-09-11
11,code_du_travail,social,travail,LOI-65-99,Code du Travail,9,"Toute discrimination en matière d'emploi et de profession est interdite.",fr,2003-09-11
12,code_du_travail,social,conge,LOI-65-99,Code du Travail,231,"Tout salarié a droit à un congé annuel payé à la charge de l'employeur dont la durée est fixée à un jour et demi de travail par mois de service effectif.",fr,2003-09-11
13,code_du_travail,social,salaire,LOI-65-99,Code du Travail,345,"Le salaire minimum légal est fixé par voie réglementaire. Il est révisé périodiquement par le gouvernement après consultation des organisations syndicales et patronales.",fr,2003-09-11
14,code_du_travail,social,licenciement,LOI-65-99,Code du Travail,35,"Le contrat de travail à durée indéterminée peut cesser par la volonté du salarié, de l'employeur ou d'un commun accord entre les parties.",fr,2003-09-11
15,code_du_travail,social,licenciement,LOI-65-99,Code du Travail,39,"Sont considérées comme fautes graves privant le salarié de son droit à des dommages-intérêts : le délit portant atteinte à l'honneur, à la confiance ou aux bonnes mœurs ayant donné lieu à un jugement définitif privant le salarié de sa liberté.",fr,2003-09-11
16,lutte_contre_violences_femmes,penal,violence,LOI-103-13,Loi relative à la lutte contre les violences faites aux femmes,1,"La présente loi vise à protéger les femmes contre toutes formes de violence et à renforcer les mécanismes de prise en charge des victimes.",fr,2018-09-12
17,lutte_contre_violences_femmes,penal,violence,LOI-103-13,Loi relative à la lutte contre les violences faites aux femmes,2,"Est considérée comme violence à l'égard des femmes, tout acte fondé sur la discrimination basée sur le sexe, causant ou susceptible de causer à la femme un préjudice ou des souffrances physiques, psychologiques, sexuelles ou économiques.",fr,2018-09-12
18,lutte_contre_violences_femmes,penal,violence,LOI-103-13,Loi relative à la lutte contre les violences faites aux femmes,3,"Les victimes de violences ont droit à la protection, à l'assistance médicale, psychologique, sociale et juridique.",fr,2018-09-12
19,enfants_abandonnes,familial,enfants,LOI-15-01,Loi relative à la kafala des enfants abandonnés,1,"La kafala consiste en la prise en charge de la protection, de l'éducation et de l'entretien d'un enfant abandonné par une personne physique ou morale.",fr,2002-06-13
20,enfants_abandonnes,familial,enfants,LOI-15-01,Loi relative à la kafala des enfants abandonnés,2,"Est considéré comme enfant abandonné, tout enfant dont les parents ou les tuteurs légaux sont inconnus, décédés ou dans l'impossibilité de s'en occuper.",fr,2002-06-13
21,enfants_abandonnes,familial,enfants,LOI-15-01,Loi relative à la kafala des enfants abandonnés,5,"La kafala est prononcée par le juge des mineurs sur demande de la personne ou de l'organisme désirant assumer la prise en charge d'un enfant abandonné.",fr,2002-06-13
22,securite_produits,civil,consommation,LOI-24-09,Loi relative à la sécurité des produits et des services,1,"La présente loi a pour objet d'assurer la sécurité des produits et des services mis sur le marché.",fr,2011-02-17
23,securite_produits,civil,consommation,LOI-24-09,Loi relative à la sécurité des produits et des services,3,"Tout producteur est tenu de ne mettre sur le marché que des produits ou des services sûrs.",fr,2011-02-17
24,fraudes_marchandises,penal,fraude,LOI-13-83,Loi relative à la répression des fraudes sur les marchandises,1,"La présente loi vise à réprimer toutes les fraudes et falsifications en matière de produits ou de denrées destinés à l'alimentation de l'homme ou des animaux.",fr,1984-10-05
25,fraudes_marchandises,penal,fraude,LOI-13-83,Loi relative à la répression des fraudes sur les marchandises,5,"Seront punis d'une amende de 5.000 à 50.000 dirhams et d'un emprisonnement de trois mois à deux ans, ou de l'une de ces deux peines seulement, ceux qui auront trompé ou tenté de tromper le contractant.",fr,1984-10-05
26,education_formation,education,enseignement,LOI-51-17,Loi-cadre relative au système d'éducation,1,"La présente loi-cadre fixe les objectifs fondamentaux et les axes prioritaires du système d'éducation, de formation et de recherche scientifique.",fr,2019-08-26
27,education_formation,education,enseignement,LOI-51-17,Loi-cadre relative au système d'éducation,2,"L'État garantit à tous les citoyens le droit à l'éducation et à la formation tout au long de la vie.",fr,2019-08-26
28,education_formation,education,enseignement,LOI-51-17,Loi-cadre relative au système d'éducation,3,"L'enseignement préscolaire public est obligatoire pour tous les enfants marocains et étrangers résidant au Maroc.",fr,2019-08-26
29,fraude_examens,education,examens,LOI-02-00,Loi relative à la répression de la fraude aux examens,1,"Est puni d'un emprisonnement de trois mois à deux ans et d'une amende de 1.000 à 10.000 dirhams, tout candidat qui, en vue de faciliter sa propre fraude ou celle d'autrui, introduit ou tente d'introduire dans la salle d'examen, par quelque moyen que ce soit, des documents ou appareils non autorisés.",fr,2000-06-15
30,fraude_examens,education,examens,LOI-02-00,Loi relative à la répression de la fraude aux examens,2,"Les peines prévues à l'article premier sont portées au double lorsque la fraude a été commise avec violence ou menace.",fr,2000-06-15
31,code_nationalite,familial,nationalite,LOI-62-06,Code de la nationalité marocaine,6,"Est Marocain, l'enfant né d'un père marocain. Est Marocain, l'enfant né d'une mère marocaine et d'un père sans nationalité ou dont la nationalité est inconnue.",fr,2007-04-03
32,code_nationalite,familial,nationalite,LOI-62-06,Code de la nationalité marocaine,9,"Peut être naturalisée par décret, la personne étrangère qui a sa résidence habituelle au Maroc depuis cinq ans au moins.",fr,2007-04-03
33,arbitrage_mediation,civil,arbitrage,LOI-95-17,Loi relative à l'arbitrage et la médiation conventionnelle,1,"Le présent titre s'applique à l'arbitrage interne et à l'arbitrage international lorsque la procédure se déroule au Maroc.",fr,2022-09-06
34,arbitrage_mediation,civil,arbitrage,LOI-95-17,Loi relative à l'arbitrage et la médiation conventionnelle,3,"La convention d'arbitrage est une convention par laquelle les parties s'obligent à soumettre à l'arbitrage un différend qui a surgi ou pourrait surgir entre elles à l'occasion d'un rapport de droit déterminé.",fr,2022-09-06
35,conditions_travail_femmes,social,travail,LOI-65-99,Conditions de travail des femmes,17,"Il est interdit à l'employeur de licencier une femme enceinte ou en état de grossesse médicalement constatée, sauf en cas de faute grave non liée à la grossesse.",fr,2003-09-11
36,code_penal,penal,infractions,DOC-1-59-413,Code Pénal,392,"L'homicide commis volontairement est qualifié meurtre. Il est puni de la réclusion perpétuelle.",fr,1962-11-26
37,code_penal,penal,infractions,DOC-1-59-413,Code Pénal,400,"Les coups et blessures volontaires sont punis de l'emprisonnement d'un mois à trois ans et d'une amende.",fr,1962-11-26
38,code_penal,penal,vol,DOC-1-59-413,Code Pénal,505,"Le vol est la soustraction frauduleuse de la chose d'autrui. Il est puni de l'emprisonnement d'un an à cinq ans et d'une amende.",fr,1962-11-26
39,moudawana,familial,mariage,LOI-70-03,Code de la famille (Moudawana),4,"Le mariage est un contrat légal par lequel un homme et une femme se unissent en vue d'une vie conjugale durable.",fr,2004-02-05
40,moudawana,familial,mariage,LOI-70-03,Code de la famille (Moudawana),19,"La capacité matrimoniale s'acquiert, pour le garçon et la fille, à dix-huit ans grégoriens révolus.",fr,2004-02-05
41,moudawana,familial,divorce,LOI-70-03,Code de la famille (Moudawana),78,"Le divorce est la dissolution du lien conjugal exercé par l'époux sous contrôle judiciaire.",fr,2004-02-05
42,moudawana,familial,garde,LOI-70-03,Code de la famille (Moudawana),163,"La garde (hadana) des enfants est confiée à la mère, puis au père en cas d'incapacité de la mère.",fr,2004-02-05
43,مجلة_شؤون_جنائية,penal,جنايات,QAN-JANA,مجلة الشؤون الجنائية,1,"يهدف هذا القانون إلى تنظيم الإجراءات الجنائية وضمان حقوق المتهمين وضحايا الجرائم.",ar,2023-01-01
44,مجلة_شؤون_جنائية,penal,جنايات,QAN-JANA,مجلة الشؤون الجنائية,5,"لكل شخص الحق في محاكمة عادلة وسريعة أمام قضاء مستقل ونزيه وفق أحكام القانون.",ar,2023-01-01
45,code_penal,penal,escroquerie,DOC-1-59-413,Code Pénal,540,"L'escroquerie est le fait de tromper une personne physique ou morale, en vue de s'approprier une chose qui lui appartient, en faisant usage de faux noms, de fausses qualités ou d'un quelconque stratagème.",fr,1962-11-26
